{
    "My": {
        "gain": 998591.653418578,
        "offset": 0.000004231,
        "lever_arm": 1
    },
    "Mz": {
        "gain": 998591.653418578,
        "offset": 0.000004231,
        "lever_arm": 1
    }
}