{
    "My": {
        "gain": 497604.619989875,
        "offset": -0.000028555,
        "lever_arm": 1.27621
    },
    "Mz": {
        "gain": 497604.619989875,
        "offset": -0.000028555,
        "lever_arm": 0.535
    }
}